{
  "system": "Windows",
  "version": "1.1.1",
  "lite": false,
  "py_version": "3.10",
  "py_version_micro": "3.10.14",
  "packages": {
    "tifffile": "2024.6.18",
    "certifi": "2024.6.2",
    "fsspec": "2024.6.0",
    "s3fs": "2024.6.0",
    "regex": "2024.5.15",
    "tzdata": "2024.1",
    "jsonschema-specifications": "2023.12.1",
    "pytz": "2023.4",
    "tbb": "2021.13.0",
    "intel-openmp": "2021.4.0",
    "mkl": "2021.4.0",
    "pywin32": "306",
    "setuptools": "60.2.0",
    "cryptography": "42.0.8",
    "pyzmq": "26.0.3",
    "flatbuffers": "24.3.25",
    "aiofiles": "24.1.0",
    "pip": "24.0",
    "attrs": "23.2.0",
    "packaging": "23.2",
    "argon2-cffi": "23.1.0",
    "black": "22.12.0",
    "argon2-cffi-bindings": "21.2.0",
    "virtualenv": "20.26.3",
    "pyarrow": "16.1.0",
    "coloredlogs": "15.0.1",
    "rich": "13.4.2",
    "websockets": "12.0",
    "more-itertools": "10.3.0",
    "pillow": "10.3.0",
    "humanfriendly": "10.0",
    "kedro-viz": "9.1.0",
    "ipython": "8.21.0",
    "tenacity": "8.4.2",
    "thinc": "8.2.5",
    "click": "8.1.7",
    "ipywidgets": "8.1.3",
    "python-slugify": "8.0.4",
    "nvidia-ml-py3": "7.352.0",
    "nbconvert": "7.16.4",
    "coverage": "7.5.4",
    "jupyter-client": "7.4.9",
    "pytest": "7.4.4",
    "importlib-metadata": "7.2.1",
    "smart-open": "7.0.4",
    "ipykernel": "6.29.4",
    "jupyter-console": "6.6.3",
    "notebook": "6.5.7",
    "tornado": "6.4.1",
    "importlib-resources": "6.4.0",
    "bleach": "6.1.0",
    "multidict": "6.0.5",
    "pyyaml": "6.0.1",
    "plotly": "5.22.0",
    "isort": "5.13.2",
    "nbformat": "5.10.4",
    "ujson": "5.10.0",
    "psutil": "5.9.8",
    "traitlets": "5.9.0",
    "jupyter-core": "5.7.2",
    "qtconsole": "5.5.2",
    "cachetools": "5.3.3",
    "altair": "5.3.0",
    "chardet": "5.2.0",
    "gdown": "5.2.0",
    "decorator": "5.1.1",
    "smmap": "5.0.1",
    "tqdm": "4.65.2",
    "fonttools": "4.53.0",
    "transformers": "4.39.3",
    "protobuf": "4.25.3",
    "jsonschema": "4.21.1",
    "beautifulsoup4": "4.12.3",
    "typing-extensions": "4.12.2",
    "antlr4-python3-runtime": "4.9.3",
    "rsa": "4.9",
    "pre-commit-hooks": "4.6.0",
    "lightgbm": "4.3.0",
    "platformdirs": "4.2.2",
    "ordered-set": "4.1.0",
    "gitdb": "4.0.11",
    "widgetsnbextension": "4.0.11",
    "async-timeout": "4.0.3",
    "flake8": "4.0.1",
    "watchdog": "4.0.1",
    "pycryptodome": "3.20.0",
    "zipp": "3.19.2",
    "filelock": "3.15.4",
    "orjson": "3.10.5",
    "aiohttp": "3.9.5",
    "matplotlib": "3.9.0",
    "nltk": "3.8.1",
    "spacy": "3.7.5",
    "anyio": "3.7.1",
    "idna": "3.7",
    "markdown": "3.6",
    "jupyterlab": "3.5.3",
    "pyspark": "3.5.1",
    "threadpoolctl": "3.5.0",
    "pyreadline3": "3.4.1",
    "xxhash": "3.4.1",
    "langcodes": "3.4.0",
    "charset-normalizer": "3.3.2",
    "networkx": "3.3",
    "dynaconf": "3.2.5",
    "graphql-core": "3.2.3",
    "gitpython": "3.1.43",
    "jinja2": "3.1.4",
    "openpyxl": "3.1.4",
    "pyparsing": "3.1.2",
    "prompt-toolkit": "3.0.47",
    "spacy-legacy": "3.0.12",
    "jupyterlab-widgets": "3.0.11",
    "preshed": "3.0.9",
    "greenlet": "3.0.3",
    "werkzeug": "3.0.3",
    "mistune": "3.0.2",
    "kedro-datasets": "3.0.1",
    "cloudpickle": "3.0.0",
    "markdown-it-py": "3.0.0",
    "pytest-cov": "3.0.0",
    "imageio": "2.34.2",
    "google-auth": "2.30.0",
    "requests": "2.28.2",
    "pycparser": "2.22",
    "fastjsonschema": "2.20.0",
    "google-api-core": "2.19.1",
    "pydantic-core": "2.18.4",
    "pygments": "2.18.0",
    "oss2": "2.17.0",
    "tensorboard": "2.17.0",
    "aliyun-python-sdk-kms": "2.16.3",
    "jupyterlab-server": "2.15.2",
    "aliyun-python-sdk-core": "2.15.1",
    "babel": "2.15.0",
    "datasets": "2.14.4",
    "aiobotocore": "2.13.1",
    "ray": "2.10.0",
    "types-python-dateutil": "2.9.0.20240316",
    "python-dateutil": "2.9.0.post0",
    "pycodestyle": "2.8.0",
    "fastai": "2.7.15",
    "pydantic": "2.7.4",
    "hdfs": "2.7.3",
    "tensorboardx": "2.6.2.2",
    "dnspython": "2.6.1",
    "cookiecutter": "2.6.0",
    "soupsieve": "2.5",
    "srsly": "2.4.8",
    "asttokens": "2.4.1",
    "nptyping": "2.4.1",
    "qtpy": "2.4.1",
    "pyflakes": "2.4.0",
    "torch": "2.3.1",
    "lightning": "2.3.0",
    "pytorch-lightning": "2.3.0",
    "pytorch-metric-learning": "2.3.0",
    "omegaconf": "2.2.3",
    "pandas": "2.2.2",
    "email-validator": "2.2.0",
    "markupsafe": "2.1.5",
    "absl-py": "2.1.0",
    "sqlalchemy": "2.0.31",
    "pywinpty": "2.0.13",
    "catalogue": "2.0.10",
    "cymem": "2.0.8",
    "xgboost": "2.0.3",
    "executing": "2.0.1",
    "tomli": "2.0.1",
    "iniconfig": "2.0.0",
    "grpcio": "1.64.1",
    "googleapis-common-protos": "1.63.2",
    "streamlit": "1.36.0",
    "boto3": "1.34.131",
    "botocore": "1.34.131",
    "urllib3": "1.26.19",
    "numpy": "1.26.4",
    "jupyter-server": "1.24.0",
    "proto-plus": "1.24.0",
    "parse": "1.20.2",
    "optimum": "1.18.1",
    "onnxruntime": "1.18.0",
    "pdf2image": "1.17.0",
    "onnx": "1.16.1",
    "cffi": "1.16.0",
    "six": "1.16.0",
    "wrapt": "1.16.0",
    "pytest-mock": "1.13.0",
    "rope": "1.13.0",
    "sympy": "1.12.1",
    "scipy": "1.12.0",
    "toposort": "1.10",
    "yarl": "1.9.4",
    "send2trash": "1.8.3",
    "blinker": "1.8.2",
    "debugpy": "1.8.1",
    "websocket-client": "1.8.0",
    "pysocks": "1.7.1",
    "crcmod": "1.7",
    "nest-asyncio": "1.6.0",
    "pywavelets": "1.6.0",
    "fastcore": "1.5.48",
    "shellingham": "1.5.4",
    "pandocfilters": "1.5.1",
    "pluggy": "1.5.0",
    "kiwisolver": "1.4.5",
    "appdirs": "1.4.4",
    "joblib": "1.4.2",
    "frozenlist": "1.4.1",
    "scikit-learn": "1.4.0",
    "statsforecast": "1.4.0",
    "aiosignal": "1.3.1",
    "pytoolconfig": "1.3.1",
    "sniffio": "1.3.1",
    "arrow": "1.3.0",
    "mpmath": "1.3.0",
    "text-unidecode": "1.3",
    "tinycss2": "1.3.0",
    "catboost": "1.2.5",
    "click-default-group": "1.2.4",
    "seqeval": "1.2.2",
    "build": "1.2.1",
    "contourpy": "1.2.1",
    "exceptiongroup": "1.2.1",
    "torchmetrics": "1.2.1",
    "language-data": "1.2.0",
    "marisa-trie": "1.2.0",
    "nlpaug": "1.1.11",
    "wasabi": "1.1.3",
    "autogluon": "1.1.1",
    "autogluon.common": "1.1.1",
    "autogluon.core": "1.1.1",
    "autogluon.features": "1.1.1",
    "autogluon.multimodal": "1.1.1",
    "autogluon.tabular": "1.1.1",
    "autogluon.timeseries": "1.1.1",
    "et-xmlfile": "1.1.0",
    "nbclassic": "1.1.0",
    "pyproject-hooks": "1.1.0",
    "murmurhash": "1.0.10",
    "msgpack": "1.0.8",
    "httpcore": "1.0.5",
    "spacy-loggers": "1.0.5",
    "fastprogress": "1.0.3",
    "python-dotenv": "1.0.1",
    "future": "1.0.0",
    "jupyter": "1.0.0",
    "mypy-extensions": "1.0.0",
    "strawberry-graphql": "0.235.0",
    "fastapi": "0.111.0",
    "multiprocess": "0.70.15",
    "numba": "0.60.0",
    "llvmlite": "0.43.0",
    "wheel": "0.43.0",
    "starlette": "0.37.2",
    "referencing": "0.35.1",
    "uvicorn": "0.29.0",
    "httpx": "0.27.0",
    "huggingface-hub": "0.23.4",
    "watchfiles": "0.22.0",
    "accelerate": "0.21.0",
    "graphviz": "0.20.3",
    "prometheus-client": "0.20.0",
    "scikit-image": "0.20.0",
    "kedro": "0.19.6",
    "jedi": "0.19.1",
    "ruamel.yaml": "0.18.6",
    "cloudpathlib": "0.18.1",
    "rpds-py": "0.18.1",
    "terminado": "0.18.1",
    "torchvision": "0.18.1",
    "tokenizers": "0.15.2",
    "gluonts": "0.15.1",
    "statsmodels": "0.14.2",
    "h11": "0.14.0",
    "typer": "0.12.3",
    "seaborn": "0.12.2",
    "cycler": "0.12.1",
    "pathspec": "0.12.1",
    "toolz": "0.12.1",
    "opencensus": "0.11.4",
    "lightning-utilities": "0.11.2",
    "aioitertools": "0.11.0",
    "py4j": "0.10.9.7",
    "toml": "0.10.2",
    "s3transfer": "0.10.1",
    "jmespath": "0.10.0",
    "mlforecast": "0.10.0",
    "nbclient": "0.10.0",
    "json5": "0.9.25",
    "timm": "0.9.16",
    "pydeck": "0.9.1",
    "tabulate": "0.9.0",
    "parso": "0.8.4",
    "watchgod": "0.8.2",
    "blis": "0.7.11",
    "tensorboard-data-server": "0.7.2",
    "defusedxml": "0.7.1",
    "nbstripout": "0.7.1",
    "aiohttp-cors": "0.7.0",
    "annotated-types": "0.7.0",
    "stack-data": "0.6.3",
    "docopt": "0.6.2",
    "httptools": "0.6.1",
    "mccabe": "0.6.1",
    "pyasn1": "0.6.0",
    "colorful": "0.5.6",
    "patsy": "0.5.6",
    "webencodings": "0.5.1",
    "colorama": "0.4.6",
    "binaryornot": "0.4.4",
    "safetensors": "0.4.3",
    "evaluate": "0.4.2",
    "weasel": "0.4.1",
    "entrypoints": "0.4",
    "kedro-telemetry": "0.4.0",
    "lazy-loader": "0.4",
    "pyasn1-modules": "0.4.0",
    "py-spy": "0.3.14",
    "pytesseract": "0.3.10",
    "openmim": "0.3.9",
    "distlib": "0.3.8",
    "dill": "0.3.7",
    "jupyterlab-pygments": "0.3.0",
    "secure": "0.3.0",
    "wcwidth": "0.2.13",
    "ruamel.yaml.clib": "0.2.8",
    "hyperopt": "0.2.7",
    "notebook-shim": "0.2.4",
    "comm": "0.2.2",
    "pure-eval": "0.2.2",
    "ipython-genutils": "0.2.0",
    "sentencepiece": "0.2.0",
    "ruff": "0.1.15",
    "model-index": "0.1.11",
    "matplotlib-inline": "0.1.7",
    "confection": "0.1.5",
    "opencensus-context": "0.1.3",
    "mdurl": "0.1.2",
    "openxlab": "0.0.38",
    "window-ops": "0.0.15",
    "opendatalab": "0.0.10",
    "utilsforecast": "0.0.10",
    "python-multipart": "0.0.9",
    "fastdownload": "0.0.7",
    "fastapi-cli": "0.0.4"
  }
}