{
  "system": "Windows",
  "version": "1.1.0",
  "lite": false,
  "py_version": "3.10",
  "py_version_micro": "3.10.14",
  "packages": {
    "babel": "2.15.0",
    "gitpython": "3.1.43",
    "markupsafe": "2.1.5",
    "pyyaml": "6.0.1",
    "sqlalchemy": "2.0.30",
    "send2trash": "1.8.3",
    "aiofiles": "23.2.1",
    "annotated-types": "0.7.0",
    "antlr4-python3-runtime": "4.9.3",
    "anyio": "3.7.1",
    "appdirs": "1.4.4",
    "argon2-cffi": "23.1.0",
    "argon2-cffi-bindings": "21.2.0",
    "arrow": "1.3.0",
    "asttokens": "2.4.1",
    "async-lru": "2.0.4",
    "attrs": "23.2.0",
    "autogluon.common": "1.1.0",
    "autogluon.core": "1.1.0",
    "autogluon.features": "1.1.0",
    "autogluon.tabular": "1.1.0",
    "beautifulsoup4": "4.12.3",
    "binaryornot": "0.4.4",
    "bleach": "6.1.0",
    "boto3": "1.34.124",
    "botocore": "1.34.124",
    "build": "1.2.1",
    "cachetools": "5.3.3",
    "certifi": "2024.6.2",
    "cffi": "1.16.0",
    "chardet": "5.2.0",
    "charset-normalizer": "3.3.2",
    "click": "8.1.7",
    "click-default-group": "1.2.4",
    "colorama": "0.4.6",
    "comm": "0.2.2",
    "contourpy": "1.2.1",
    "cookiecutter": "2.6.0",
    "coverage": "7.5.3",
    "cramjam": "2.8.3",
    "cycler": "0.12.1",
    "debugpy": "1.8.1",
    "decorator": "5.1.1",
    "defusedxml": "0.7.1",
    "dnspython": "2.6.1",
    "dynaconf": "3.2.5",
    "email-validator": "2.1.1",
    "exceptiongroup": "1.2.1",
    "executing": "2.0.1",
    "fastapi": "0.111.0",
    "fastapi-cli": "0.0.4",
    "fastjsonschema": "2.19.1",
    "fastparquet": "2024.5.0",
    "fonttools": "4.53.0",
    "fqdn": "1.5.1",
    "fsspec": "2024.6.0",
    "gitdb": "4.0.11",
    "graphql-core": "3.2.3",
    "greenlet": "3.0.3",
    "h11": "0.14.0",
    "httpcore": "1.0.5",
    "httptools": "0.6.1",
    "httpx": "0.27.0",
    "idna": "3.7",
    "importlib-metadata": "7.1.0",
    "importlib-resources": "6.4.0",
    "iniconfig": "2.0.0",
    "ipykernel": "6.29.4",
    "ipython": "8.25.0",
    "isoduration": "20.11.0",
    "jedi": "0.19.1",
    "jinja2": "3.1.4",
    "jmespath": "1.0.1",
    "joblib": "1.4.2",
    "json5": "0.9.25",
    "jsonpointer": "3.0.0",
    "jsonschema": "4.22.0",
    "jsonschema-specifications": "2023.12.1",
    "jupyter-client": "8.6.2",
    "jupyter-core": "5.7.2",
    "jupyter-events": "0.10.0",
    "jupyter-lsp": "2.2.5",
    "jupyter-server": "2.14.1",
    "jupyter-server-terminals": "0.5.3",
    "jupyterlab": "4.2.2",
    "jupyterlab-pygments": "0.3.0",
    "jupyterlab-server": "2.27.2",
    "kedro": "0.19.6",
    "kedro-datasets": "3.0.1",
    "kedro-telemetry": "0.4.0",
    "kedro-viz": "9.1.0",
    "kiwisolver": "1.4.5",
    "lazy-loader": "0.4",
    "markdown-it-py": "3.0.0",
    "matplotlib": "3.9.0",
    "matplotlib-inline": "0.1.7",
    "mdurl": "0.1.2",
    "mistune": "3.0.2",
    "more-itertools": "10.3.0",
    "nbclient": "0.10.0",
    "nbconvert": "7.16.4",
    "nbformat": "5.10.4",
    "nest-asyncio": "1.6.0",
    "networkx": "3.3",
    "notebook": "7.2.1",
    "notebook-shim": "0.2.4",
    "numpy": "1.26.4",
    "omegaconf": "2.3.0",
    "orjson": "3.10.4",
    "overrides": "7.7.0",
    "packaging": "23.2",
    "pandas": "2.2.2",
    "pandocfilters": "1.5.1",
    "parse": "1.20.2",
    "parso": "0.8.4",
    "pillow": "10.3.0",
    "pip": "24.0",
    "platformdirs": "4.2.2",
    "plotly": "5.22.0",
    "pluggy": "1.5.0",
    "pre-commit-hooks": "4.6.0",
    "prometheus-client": "0.20.0",
    "prompt-toolkit": "3.0.47",
    "psutil": "5.9.8",
    "pure-eval": "0.2.2",
    "py4j": "0.10.9.7",
    "pyarrow": "16.1.0",
    "pycparser": "2.22",
    "pydantic": "2.7.3",
    "pydantic-core": "2.18.4",
    "pygments": "2.18.0",
    "pyparsing": "3.1.2",
    "pyproject-hooks": "1.1.0",
    "pyspark": "3.5.1",
    "pytest": "7.4.4",
    "pytest-cov": "3.0.0",
    "pytest-mock": "1.13.0",
    "python-dateutil": "2.9.0.post0",
    "python-dotenv": "1.0.1",
    "python-json-logger": "2.0.7",
    "python-multipart": "0.0.9",
    "python-slugify": "8.0.4",
    "pytoolconfig": "1.3.1",
    "pytz": "2024.1",
    "pywin32": "306",
    "pywinpty": "2.0.13",
    "pyzmq": "26.0.3",
    "referencing": "0.35.1",
    "requests": "2.32.3",
    "rfc3339-validator": "0.1.4",
    "rfc3986-validator": "0.1.1",
    "rich": "13.7.1",
    "rope": "1.13.0",
    "rpds-py": "0.18.1",
    "ruamel.yaml": "0.18.6",
    "ruamel.yaml.clib": "0.2.8",
    "ruff": "0.1.15",
    "s3transfer": "0.10.1",
    "scikit-learn": "1.4.0",
    "scipy": "1.12.0",
    "seaborn": "0.13.2",
    "secure": "0.3.0",
    "setuptools": "69.5.1",
    "shellingham": "1.5.4",
    "six": "1.16.0",
    "smmap": "5.0.1",
    "sniffio": "1.3.1",
    "soupsieve": "2.5",
    "stack-data": "0.6.3",
    "starlette": "0.37.2",
    "strawberry-graphql": "0.235.0",
    "tenacity": "8.3.0",
    "terminado": "0.18.1",
    "text-unidecode": "1.3",
    "threadpoolctl": "3.5.0",
    "tinycss2": "1.3.0",
    "toml": "0.10.2",
    "tomli": "2.0.1",
    "toposort": "1.10",
    "tornado": "6.4.1",
    "tqdm": "4.66.4",
    "traitlets": "5.14.3",
    "typer": "0.12.3",
    "types-python-dateutil": "2.9.0.20240316",
    "typing-extensions": "4.12.2",
    "tzdata": "2024.1",
    "ujson": "5.10.0",
    "uri-template": "1.3.0",
    "urllib3": "2.2.1",
    "uvicorn": "0.29.0",
    "watchfiles": "0.22.0",
    "watchgod": "0.8.2",
    "wcwidth": "0.2.13",
    "webcolors": "24.6.0",
    "webencodings": "0.5.1",
    "websocket-client": "1.8.0",
    "websockets": "12.0",
    "wheel": "0.43.0",
    "zipp": "3.19.2"
  }
}